name,marktwert,source,team
Patrice Evra,1,http://www.transfermarkt.com/france/startseite/verein/3377,Frankreich
Artur Boruc,1,http://www.transfermarkt.com/poland/startseite/verein/3442,Polen
Krzysztof Maczynski,1,http://www.transfermarkt.com/poland/startseite/verein/3442,Polen
Filip Starzynski,1,http://www.transfermarkt.com/poland/startseite/verein/3442,Polen
Hakan Balta,1,http://www.transfermarkt.com/turkey/startseite/verein/3381,Türkei
Emre Mor,1,http://www.transfermarkt.com/turkey/startseite/verein/3381,Türkei
Steve von Bergen,1,http://www.transfermarkt.com/switzerland/startseite/verein/3384,Schweiz
Aleksey Berezutski,1,http://www.transfermarkt.com/russia/startseite/verein/3448,Russland
Roman Shirokov,1,http://www.transfermarkt.com/russia/startseite/verein/3448,Russland
Dmitri Torbinski,1,http://www.transfermarkt.com/russia/startseite/verein/3448,Russland
Robert Almer,1,http://www.transfermarkt.com/austria/startseite/verein/3383,Österreich
Heinz Lindner,1,http://www.transfermarkt.com/austria/startseite/verein/3383,Österreich
Ruslan Rotan,1,http://www.transfermarkt.com/ukraine/startseite/verein/3699,Ukraine
Darren Randolph,1,http://www.transfermarkt.com/republic-of-ireland/startseite/verein/3509,Irland
John O'Shea,1,http://www.transfermarkt.com/republic-of-ireland/startseite/verein/3509,Irland
Stephen Ward,1,http://www.transfermarkt.com/republic-of-ireland/startseite/verein/3509,Irland
Cyrus Christie,1,http://www.transfermarkt.com/republic-of-ireland/startseite/verein/3509,Irland
Robbie Keane,1,http://www.transfermarkt.com/republic-of-ireland/startseite/verein/3509,Irland
Daryl Murphy,1,http://www.transfermarkt.com/republic-of-ireland/startseite/verein/3509,Irland
Emir Kujovic,1,http://www.transfermarkt.com/sweden/startseite/verein/3557,Schweden
Matús Kozácik,1,http://www.transfermarkt.com/slovakia/startseite/verein/3503,Slowakei
Tomas Koubek,1,http://www.transfermarkt.com/czech-republic/startseite/verein/3445,Tschechien
Jaroslav Plasil,1,http://www.transfermarkt.com/czech-republic/startseite/verein/3445,Tschechien
Tomás Rosicky,1,http://www.transfermarkt.com/czech-republic/startseite/verein/3445,Tschechien
David Lafata,1,http://www.transfermarkt.com/czech-republic/startseite/verein/3445,Tschechien
Alexandru Matel,1,http://www.transfermarkt.com/romania/startseite/verein/3447,Rumänien
Cristian Sapunaru,1,http://www.transfermarkt.com/romania/startseite/verein/3447,Rumänien
Mihai Pintilii,1,http://www.transfermarkt.com/romania/startseite/verein/3447,Rumänien
Lorik Cana,1,http://www.transfermarkt.com/albania/startseite/verein/3561,Albanien
Gareth McAuley,1,http://www.transfermarkt.com/northern-ireland/startseite/verein/5674,Nordirland
Roland Juhász,1,http://www.transfermarkt.com/hungary/startseite/verein/3468,Ungarn
Ádám Nagy,1,http://www.transfermarkt.com/hungary/startseite/verein/3468,Ungarn
Oleksandr Kucher,"1,2",http://www.transfermarkt.com/ukraine/startseite/verein/3699,Ukraine
Andreas Isaksson,"1,2",http://www.transfermarkt.com/sweden/startseite/verein/3557,Schweden
Dénes Dibusz,"1,2",http://www.transfermarkt.com/hungary/startseite/verein/3468,Ungarn
David Vaughan,"1,25",http://www.transfermarkt.com/wales/startseite/verein/3864,Wales
Ramazan Özcan,"1,25",http://www.transfermarkt.com/austria/startseite/verein/3383,Österreich
David Limbersky,"1,25",http://www.transfermarkt.com/czech-republic/startseite/verein/3445,Tschechien
Cosmin Moti,"1,25",http://www.transfermarkt.com/romania/startseite/verein/3447,Rumänien
Steliano Filip,"1,25",http://www.transfermarkt.com/romania/startseite/verein/3447,Rumänien
Ermir Lenjani,"1,25",http://www.transfermarkt.com/albania/startseite/verein/3561,Albanien
Corry Evans,"1,25",http://www.transfermarkt.com/northern-ireland/startseite/verein/5674,Nordirland
Rubin Okotie,"1,3",http://www.transfermarkt.com/austria/startseite/verein/3383,Österreich
Pontus Jansson,"1,3",http://www.transfermarkt.com/sweden/startseite/verein/3557,Schweden
Zoltán Stieber,"1,3",http://www.transfermarkt.com/hungary/startseite/verein/3468,Ungarn
Michal Kadlec,"1,4",http://www.transfermarkt.com/czech-republic/startseite/verein/3445,Tschechien
Krisztián Németh,"1,4",http://www.transfermarkt.com/hungary/startseite/verein/3468,Ungarn
Eduardo,"1,5",http://www.transfermarkt.com/portugal/startseite/verein/3300,Portugal
Gordon Schildenfeld,"1,5",http://www.transfermarkt.com/croatia/startseite/verein/3556,Kroatien
Tomasz Jodlowiec,"1,5",http://www.transfermarkt.com/poland/startseite/verein/3442,Polen
Mariusz Stepinski,"1,5",http://www.transfermarkt.com/poland/startseite/verein/3442,Polen
François Moubandje,"1,5",http://www.transfermarkt.com/switzerland/startseite/verein/3384,Schweiz
Danny Ward,"1,5",http://www.transfermarkt.com/wales/startseite/verein/3864,Wales
Markus Suttner,"1,5",http://www.transfermarkt.com/austria/startseite/verein/3383,Österreich
Jakob Jantscher,"1,5",http://www.transfermarkt.com/austria/startseite/verein/3383,Österreich
Keiren Westwood,"1,5",http://www.transfermarkt.com/republic-of-ireland/startseite/verein/3509,Irland
Shane Duffy,"1,5",http://www.transfermarkt.com/republic-of-ireland/startseite/verein/3509,Irland
Jeff Hendrick,"1,5",http://www.transfermarkt.com/republic-of-ireland/startseite/verein/3509,Irland
Stephen Quinn,"1,5",http://www.transfermarkt.com/republic-of-ireland/startseite/verein/3509,Irland
Robin Olsen,"1,5",http://www.transfermarkt.com/sweden/startseite/verein/3557,Schweden
Erik Johansson,"1,5",http://www.transfermarkt.com/sweden/startseite/verein/3557,Schweden
Kim Källström,"1,5",http://www.transfermarkt.com/sweden/startseite/verein/3557,Schweden
Oscar Lewicki,"1,5",http://www.transfermarkt.com/sweden/startseite/verein/3557,Schweden
Daniel Pudil,"1,5",http://www.transfermarkt.com/czech-republic/startseite/verein/3445,Tschechien
David Pavelka,"1,5",http://www.transfermarkt.com/czech-republic/startseite/verein/3445,Tschechien
Daniel Kolar,"1,5",http://www.transfermarkt.com/czech-republic/startseite/verein/3445,Tschechien
Jirí Skalák,"1,5",http://www.transfermarkt.com/czech-republic/startseite/verein/3445,Tschechien
Dragos Grigore,"1,5",http://www.transfermarkt.com/romania/startseite/verein/3447,Rumänien
Arlind Ajeti,"1,5",http://www.transfermarkt.com/albania/startseite/verein/3561,Albanien
Stuart Dallas,"1,5",http://www.transfermarkt.com/northern-ireland/startseite/verein/5674,Nordirland
Will Grigg,"1,5",http://www.transfermarkt.com/northern-ireland/startseite/verein/5674,Nordirland
Michal Pazdan,"1,7",http://www.transfermarkt.com/poland/startseite/verein/3442,Polen
Ivan Vargic,"1,75",http://www.transfermarkt.com/croatia/startseite/verein/3556,Kroatien
Marc Janko,"1,75",http://www.transfermarkt.com/austria/startseite/verein/3383,Österreich
Josef Sural,"1,75",http://www.transfermarkt.com/czech-republic/startseite/verein/3445,Tschechien
Mergim Mavraj,"1,75",http://www.transfermarkt.com/albania/startseite/verein/3561,Albanien
Jamie Ward,"1,75",http://www.transfermarkt.com/northern-ireland/startseite/verein/5674,Nordirland
Stefan Ilsanker,"1,8",http://www.transfermarkt.com/austria/startseite/verein/3383,Österreich
Richard Keogh,"1,8",http://www.transfermarkt.com/republic-of-ireland/startseite/verein/3509,Irland
Andrei Prepelita,"1,9",http://www.transfermarkt.com/romania/startseite/verein/3447,Rumänien
Christophe Jallet,2,http://www.transfermarkt.com/france/startseite/verein/3377,Frankreich
Eliseu,2,http://www.transfermarkt.com/portugal/startseite/verein/3300,Portugal
Gianluigi Buffon,2,http://www.transfermarkt.com/italy/startseite/verein/3376,Italien
Andrea Barzagli,2,http://www.transfermarkt.com/italy/startseite/verein/3376,Italien
James Collins,2,http://www.transfermarkt.com/wales/startseite/verein/3864,Wales
Hal Robson-Kanu,2,http://www.transfermarkt.com/wales/startseite/verein/3864,Wales
Florian Klein,2,http://www.transfermarkt.com/austria/startseite/verein/3383,Österreich
Lukas Hinterseer,2,http://www.transfermarkt.com/austria/startseite/verein/3383,Österreich
Bogdan Butko,2,http://www.transfermarkt.com/ukraine/startseite/verein/3699,Ukraine
Wesley Hoolahan,2,http://www.transfermarkt.com/republic-of-ireland/startseite/verein/3509,Irland
Patrik Hrosovsky,2,http://www.transfermarkt.com/slovakia/startseite/verein/3503,Slowakei
Michal Duris,2,http://www.transfermarkt.com/slovakia/startseite/verein/3503,Slowakei
Tomás Sivok,2,http://www.transfermarkt.com/czech-republic/startseite/verein/3445,Tschechien
Adrian Popa,2,http://www.transfermarkt.com/romania/startseite/verein/3447,Rumänien
Alexandru Chipciu,2,http://www.transfermarkt.com/romania/startseite/verein/3447,Rumänien
Ledian Memushaj,2,http://www.transfermarkt.com/albania/startseite/verein/3561,Albanien
Bekim Balaj,2,http://www.transfermarkt.com/albania/startseite/verein/3561,Albanien
Johann Berg Gudmundsson,2,http://www.transfermarkt.com/iceland/startseite/verein/3574,Island
Oliver Norwood,2,http://www.transfermarkt.com/northern-ireland/startseite/verein/5674,Nordirland
Kyle Lafferty,2,http://www.transfermarkt.com/northern-ireland/startseite/verein/5674,Nordirland
Conor Washington,2,http://www.transfermarkt.com/northern-ireland/startseite/verein/5674,Nordirland
Bruno Alves,"2,2",http://www.transfermarkt.com/portugal/startseite/verein/3300,Portugal
Bartosz Salamon,"2,2",http://www.transfermarkt.com/poland/startseite/verein/3442,Polen
Valerica Gaman,"2,2",http://www.transfermarkt.com/romania/startseite/verein/3447,Rumänien
Laurent Ciman,"2,5",http://www.transfermarkt.com/belgium/startseite/verein/3382,Belgien
Bartosz Kapustka,"2,5",http://www.transfermarkt.com/poland/startseite/verein/3442,Polen
Harun Tekin,"2,5",http://www.transfermarkt.com/turkey/startseite/verein/3381,Türkei
Valon Behrami,"2,5",http://www.transfermarkt.com/switzerland/startseite/verein/3384,Schweiz
Chris Gunter,"2,5",http://www.transfermarkt.com/wales/startseite/verein/3864,Wales
Denys Boyko,"2,5",http://www.transfermarkt.com/ukraine/startseite/verein/3699,Ukraine
Mykyta Shevchenko,"2,5",http://www.transfermarkt.com/ukraine/startseite/verein/3699,Ukraine
Artem Fedetsky,"2,5",http://www.transfermarkt.com/ukraine/startseite/verein/3699,Ukraine
Oleksandr Karavaev,"2,5",http://www.transfermarkt.com/ukraine/startseite/verein/3699,Ukraine
Pylyp Budkivsky,"2,5",http://www.transfermarkt.com/ukraine/startseite/verein/3699,Ukraine
David Meyler,"2,5",http://www.transfermarkt.com/republic-of-ireland/startseite/verein/3509,Irland
Victor Lindelöf,"2,5",http://www.transfermarkt.com/sweden/startseite/verein/3557,Schweden
Sebastian Larsson,"2,5",http://www.transfermarkt.com/sweden/startseite/verein/3557,Schweden
Peter Pekarík,"2,5",http://www.transfermarkt.com/slovakia/startseite/verein/3503,Slowakei
Silviu Lung Jr.,"2,5",http://www.transfermarkt.com/romania/startseite/verein/3447,Rumänien
Denis Alibec,"2,5",http://www.transfermarkt.com/romania/startseite/verein/3447,Rumänien
Florin Andone,"2,5",http://www.transfermarkt.com/romania/startseite/verein/3447,Rumänien
Amir Abrashi,"2,5",http://www.transfermarkt.com/albania/startseite/verein/3561,Albanien
Birkir Bjarnason,"2,5",http://www.transfermarkt.com/iceland/startseite/verein/3574,Island
Ádám Szalai,"2,5",http://www.transfermarkt.com/hungary/startseite/verein/3468,Ungarn
Artur Jedrzejczyk,"2,7",http://www.transfermarkt.com/poland/startseite/verein/3442,Polen
Theodor Gebre Selassie,"2,75",http://www.transfermarkt.com/czech-republic/startseite/verein/3445,Tschechien
Shkelzen Gashi,"2,75",http://www.transfermarkt.com/albania/startseite/verein/3561,Albanien
Vladimír Weiss,"2,8",http://www.transfermarkt.com/slovakia/startseite/verein/3503,Slowakei
Sokol Cikalleshi,"2,8",http://www.transfermarkt.com/albania/startseite/verein/3561,Albanien
Iker Casillas,3,http://www.transfermarkt.com/spain/startseite/verein/3375,Spanien
Aritz Aduriz,3,http://www.transfermarkt.com/spain/startseite/verein/3375,Spanien
Tom Heaton,3,http://www.transfermarkt.com/england/startseite/verein/3299,England
Jordan Lukaku,3,http://www.transfermarkt.com/belgium/startseite/verein/3382,Belgien
Lovre Kalinic,3,http://www.transfermarkt.com/croatia/startseite/verein/3556,Kroatien
Duje Cop,3,http://www.transfermarkt.com/croatia/startseite/verein/3556,Kroatien
Thiago Motta,3,http://www.transfermarkt.com/italy/startseite/verein/3376,Italien
Gelson Fernandes,3,http://www.transfermarkt.com/switzerland/startseite/verein/3384,Schweiz
Fabian Frei,3,http://www.transfermarkt.com/switzerland/startseite/verein/3384,Schweiz
Vasili Berezutski,3,http://www.transfermarkt.com/russia/startseite/verein/3448,Russland
Roman Shishkin,3,http://www.transfermarkt.com/russia/startseite/verein/3448,Russland
Aleksandr Golovin,3,http://www.transfermarkt.com/russia/startseite/verein/3448,Russland
Evgen Seleznev,3,http://www.transfermarkt.com/ukraine/startseite/verein/3699,Ukraine
Glenn Whelan,3,http://www.transfermarkt.com/republic-of-ireland/startseite/verein/3509,Irland
James McClean,3,http://www.transfermarkt.com/republic-of-ireland/startseite/verein/3509,Irland
Ludwig Augustinsson,3,http://www.transfermarkt.com/sweden/startseite/verein/3557,Schweden
Róbert Mak,3,http://www.transfermarkt.com/slovakia/startseite/verein/3503,Slowakei
Borek Dockal,3,http://www.transfermarkt.com/czech-republic/startseite/verein/3445,Tschechien
Ergys Kace,3,http://www.transfermarkt.com/albania/startseite/verein/3561,Albanien
Aron Gunnarsson,3,http://www.transfermarkt.com/iceland/startseite/verein/3574,Island
Emil Hallfredsson,3,http://www.transfermarkt.com/iceland/startseite/verein/3574,Island
Kolbeinn Sigthórsson,3,http://www.transfermarkt.com/iceland/startseite/verein/3574,Island
Karol Linetty,"3,2",http://www.transfermarkt.com/poland/startseite/verein/3442,Polen
Ondrej Duda,"3,2",http://www.transfermarkt.com/slovakia/startseite/verein/3503,Slowakei
Erkan Zengin,"3,3",http://www.transfermarkt.com/sweden/startseite/verein/3557,Schweden
Johan Djourou,"3,5",http://www.transfermarkt.com/switzerland/startseite/verein/3384,Schweiz
Blerim Dzemaili,"3,5",http://www.transfermarkt.com/switzerland/startseite/verein/3384,Schweiz
Wayne Hennessey,"3,5",http://www.transfermarkt.com/wales/startseite/verein/3864,Wales
Andy King,"3,5",http://www.transfermarkt.com/wales/startseite/verein/3864,Wales
Joe Ledley,"3,5",http://www.transfermarkt.com/wales/startseite/verein/3864,Wales
Sam Vokes,"3,5",http://www.transfermarkt.com/wales/startseite/verein/3864,Wales
Martin Harnik,"3,5",http://www.transfermarkt.com/austria/startseite/verein/3383,Österreich
Roman Zozulya,"3,5",http://www.transfermarkt.com/ukraine/startseite/verein/3699,Ukraine
Jonathan Walters,"3,5",http://www.transfermarkt.com/republic-of-ireland/startseite/verein/3509,Irland
Mikael Lustig,"3,5",http://www.transfermarkt.com/sweden/startseite/verein/3557,Schweden
Pavel Kaderábek,"3,5",http://www.transfermarkt.com/czech-republic/startseite/verein/3445,Tschechien
Nicolae Stanciu,"3,5",http://www.transfermarkt.com/romania/startseite/verein/3447,Rumänien
Alfred Finnbogason,"3,5",http://www.transfermarkt.com/iceland/startseite/verein/3574,Island
Nemanja Nikolics,"3,5",http://www.transfermarkt.com/hungary/startseite/verein/3468,Ungarn
Jimmy Durmaz,"3,75",http://www.transfermarkt.com/sweden/startseite/verein/3557,Schweden
Thomas Vermaelen,4,http://www.transfermarkt.com/belgium/startseite/verein/3382,Belgien
Jason Denayer,4,http://www.transfermarkt.com/belgium/startseite/verein/3382,Belgien
Ricardo Quaresma,4,http://www.transfermarkt.com/portugal/startseite/verein/3300,Portugal
Darijo Srna,4,http://www.transfermarkt.com/croatia/startseite/verein/3556,Kroatien
Emanuele Giaccherini,4,http://www.transfermarkt.com/italy/startseite/verein/3376,Italien
Nico Elvedi,4,http://www.transfermarkt.com/switzerland/startseite/verein/3384,Schweiz
Fabian Schär,4,http://www.transfermarkt.com/switzerland/startseite/verein/3384,Schweiz
Denis Zakaria,4,http://www.transfermarkt.com/switzerland/startseite/verein/3384,Schweiz
Shani Tarashaj,4,http://www.transfermarkt.com/switzerland/startseite/verein/3384,Schweiz
Georgi Schennikov,4,http://www.transfermarkt.com/russia/startseite/verein/3448,Russland
Artur Yusupov,4,http://www.transfermarkt.com/russia/startseite/verein/3448,Russland
Aleksandr Samedov,4,http://www.transfermarkt.com/russia/startseite/verein/3448,Russland
Oleg Ivanov,4,http://www.transfermarkt.com/russia/startseite/verein/3448,Russland
Sebastian Prödl,4,http://www.transfermarkt.com/austria/startseite/verein/3383,Österreich
Julian Baumgartlinger,4,http://www.transfermarkt.com/austria/startseite/verein/3383,Österreich
Alessandro Schöpf,4,http://www.transfermarkt.com/austria/startseite/verein/3383,Österreich
Marcel Sabitzer,4,http://www.transfermarkt.com/austria/startseite/verein/3383,Österreich
Andriy Pyatov,4,http://www.transfermarkt.com/ukraine/startseite/verein/3699,Ukraine
Oleksandr Zinchenko,4,http://www.transfermarkt.com/ukraine/startseite/verein/3699,Ukraine
Martin Olsson,4,http://www.transfermarkt.com/sweden/startseite/verein/3557,Schweden
Oscar Hiljemark,4,http://www.transfermarkt.com/sweden/startseite/verein/3557,Schweden
Emil Forsberg,4,http://www.transfermarkt.com/sweden/startseite/verein/3557,Schweden
John Guidetti,4,http://www.transfermarkt.com/sweden/startseite/verein/3557,Schweden
Tomás Vaclík,4,http://www.transfermarkt.com/czech-republic/startseite/verein/3445,Tschechien
Ladislav Krejcí,4,http://www.transfermarkt.com/czech-republic/startseite/verein/3445,Tschechien
Gabriel Torje,4,http://www.transfermarkt.com/romania/startseite/verein/3447,Rumänien
Claudiu Keserü,4,http://www.transfermarkt.com/romania/startseite/verein/3447,Rumänien
Bogdan Stancu,4,http://www.transfermarkt.com/romania/startseite/verein/3447,Rumänien
Etrit Berisha,4,http://www.transfermarkt.com/albania/startseite/verein/3561,Albanien
Taulant Xhaka,4,http://www.transfermarkt.com/albania/startseite/verein/3561,Albanien
Craig Cathcart,4,http://www.transfermarkt.com/northern-ireland/startseite/verein/5674,Nordirland
Michael Lang,"4,25",http://www.transfermarkt.com/switzerland/startseite/verein/3384,Schweiz
Ivan Strinic,"4,5",http://www.transfermarkt.com/croatia/startseite/verein/3556,Kroatien
Kamil Grosicki,"4,5",http://www.transfermarkt.com/poland/startseite/verein/3442,Polen
Marwin Hitz,"4,5",http://www.transfermarkt.com/switzerland/startseite/verein/3384,Schweiz
Christian Fuchs,"4,5",http://www.transfermarkt.com/austria/startseite/verein/3383,Österreich
Sergiy Rybalka,"4,5",http://www.transfermarkt.com/ukraine/startseite/verein/3699,Ukraine
Sergiy Sydorchuk,"4,5",http://www.transfermarkt.com/ukraine/startseite/verein/3699,Ukraine
Viktor Kovalenko,"4,5",http://www.transfermarkt.com/ukraine/startseite/verein/3699,Ukraine
Ciaran Clark,"4,5",http://www.transfermarkt.com/republic-of-ireland/startseite/verein/3509,Irland
Aiden McGeady,"4,5",http://www.transfermarkt.com/republic-of-ireland/startseite/verein/3509,Irland
Albin Ekdal,"4,5",http://www.transfermarkt.com/sweden/startseite/verein/3557,Schweden
Tomas Hubocan,"4,5",http://www.transfermarkt.com/slovakia/startseite/verein/3503,Slowakei
Miroslav Stoch,"4,5",http://www.transfermarkt.com/slovakia/startseite/verein/3503,Slowakei
Marek Suchy,"4,5",http://www.transfermarkt.com/czech-republic/startseite/verein/3445,Tschechien
Tomas Necid,"4,5",http://www.transfermarkt.com/czech-republic/startseite/verein/3445,Tschechien
Costel Pantilimon,"4,5",http://www.transfermarkt.com/romania/startseite/verein/3447,Rumänien
Patrick McNair,"4,5",http://www.transfermarkt.com/northern-ireland/startseite/verein/5674,Nordirland
Eren Derdiyok,"4,6",http://www.transfermarkt.com/switzerland/startseite/verein/3384,Schweiz
José Fonte,5,http://www.transfermarkt.com/portugal/startseite/verein/3300,Portugal
Éder,5,http://www.transfermarkt.com/portugal/startseite/verein/3300,Portugal
Danijel Subasic,5,http://www.transfermarkt.com/croatia/startseite/verein/3556,Kroatien
Mattia De Sciglio,5,http://www.transfermarkt.com/italy/startseite/verein/3376,Italien
Ahmet Calik,5,http://www.transfermarkt.com/turkey/startseite/verein/3381,Türkei
Ismail Köybasi,5,http://www.transfermarkt.com/turkey/startseite/verein/3381,Türkei
Sener Özbayrakli,5,http://www.transfermarkt.com/turkey/startseite/verein/3381,Türkei
Burak Yilmaz,5,http://www.transfermarkt.com/turkey/startseite/verein/3381,Türkei
Admir Mehmedi,5,http://www.transfermarkt.com/switzerland/startseite/verein/3384,Schweiz
James Chester,5,http://www.transfermarkt.com/wales/startseite/verein/3864,Wales
Neil Taylor,5,http://www.transfermarkt.com/wales/startseite/verein/3864,Wales
Denis Glushakov,5,http://www.transfermarkt.com/russia/startseite/verein/3448,Russland
Dmitri Kombarov,5,http://www.transfermarkt.com/russia/startseite/verein/3448,Russland
Denys Garmash,5,http://www.transfermarkt.com/ukraine/startseite/verein/3699,Ukraine
Marcus Berg,5,http://www.transfermarkt.com/sweden/startseite/verein/3557,Schweden
Ciprian Tatarusanu,5,http://www.transfermarkt.com/romania/startseite/verein/3447,Rumänien
Federico Marchetti,"5,5",http://www.transfermarkt.com/italy/startseite/verein/3376,Italien
Olcay Sahan,"5,5",http://www.transfermarkt.com/turkey/startseite/verein/3381,Türkei
Haris Seferovic,"5,5",http://www.transfermarkt.com/switzerland/startseite/verein/3384,Schweiz
Vlad Chiriches,"5,5",http://www.transfermarkt.com/romania/startseite/verein/3447,Rumänien
Semih Kaya,"5,75",http://www.transfermarkt.com/turkey/startseite/verein/3381,Türkei
Marcus Rashford,6,http://www.transfermarkt.com/england/startseite/verein/3299,England
Christian Kabasele,6,http://www.transfermarkt.com/belgium/startseite/verein/3382,Belgien
Thomas Meunier,6,http://www.transfermarkt.com/belgium/startseite/verein/3382,Belgien
Pepe,6,http://www.transfermarkt.com/portugal/startseite/verein/3300,Portugal
Marko Rog,6,http://www.transfermarkt.com/croatia/startseite/verein/3556,Kroatien
Lukasz Piszczek,6,http://www.transfermarkt.com/poland/startseite/verein/3442,Polen
Gökhan Gönül,6,http://www.transfermarkt.com/turkey/startseite/verein/3381,Türkei
Selcuk Inan,6,http://www.transfermarkt.com/turkey/startseite/verein/3381,Türkei
Roman Bürki,6,http://www.transfermarkt.com/switzerland/startseite/verein/3384,Schweiz
Stephan Lichtsteiner,6,http://www.transfermarkt.com/switzerland/startseite/verein/3384,Schweiz
Guilherme,6,http://www.transfermarkt.com/russia/startseite/verein/3448,Russland
Robbie Brady,6,http://www.transfermarkt.com/republic-of-ireland/startseite/verein/3509,Irland
Ragnar Sigurdsson,6,http://www.transfermarkt.com/iceland/startseite/verein/3574,Island
Jonny Evans,6,http://www.transfermarkt.com/northern-ireland/startseite/verein/5674,Nordirland
Steven Davis,6,http://www.transfermarkt.com/northern-ireland/startseite/verein/5674,Nordirland
Balázs Dzsudzsák,"6,25",http://www.transfermarkt.com/hungary/startseite/verein/3468,Ungarn
Nuri Sahin,"6,5",http://www.transfermarkt.com/turkey/startseite/verein/3381,Türkei
Ashley Williams,"6,5",http://www.transfermarkt.com/wales/startseite/verein/3864,Wales
Kevin Wimmer,"6,5",http://www.transfermarkt.com/austria/startseite/verein/3383,Österreich
Onur Kivrak,"6,75",http://www.transfermarkt.com/turkey/startseite/verein/3381,Türkei
Adil Rami,7,http://www.transfermarkt.com/france/startseite/verein/3377,Frankreich
Bacary Sagna,7,http://www.transfermarkt.com/france/startseite/verein/3377,Frankreich
Ante Coric,7,http://www.transfermarkt.com/croatia/startseite/verein/3556,Kroatien
Daniele De Rossi,7,http://www.transfermarkt.com/italy/startseite/verein/3376,Italien
Lukasz Fabianski,7,http://www.transfermarkt.com/poland/startseite/verein/3442,Polen
Jakub Blaszczykowski,7,http://www.transfermarkt.com/poland/startseite/verein/3442,Polen
Ozan Tufan,7,http://www.transfermarkt.com/turkey/startseite/verein/3381,Türkei
Roman Neustädter,7,http://www.transfermarkt.com/russia/startseite/verein/3448,Russland
Aleksandr Kokorin,7,http://www.transfermarkt.com/russia/startseite/verein/3448,Russland
Zlatko Junuzovic,7,http://www.transfermarkt.com/austria/startseite/verein/3383,Österreich
Raphaël Guerreiro,"7,5",http://www.transfermarkt.com/portugal/startseite/verein/3300,Portugal
Domagoj Vida,"7,5",http://www.transfermarkt.com/croatia/startseite/verein/3556,Kroatien
Andrej Kramaric,"7,5",http://www.transfermarkt.com/croatia/startseite/verein/3556,Kroatien
Marco Parolo,"7,5",http://www.transfermarkt.com/italy/startseite/verein/3376,Italien
Volkan Sen,"7,5",http://www.transfermarkt.com/turkey/startseite/verein/3381,Türkei
Marc Bartra,8,http://www.transfermarkt.com/spain/startseite/verein/3375,Spanien
Bruno Soriano,8,http://www.transfermarkt.com/spain/startseite/verein/3375,Spanien
Lukas Podolski,8,http://www.transfermarkt.com/germany/startseite/verein/3262,Deutschland
Benoît Costil,8,http://www.transfermarkt.com/france/startseite/verein/3377,Frankreich
André-Pierre Gignac,8,http://www.transfermarkt.com/france/startseite/verein/3377,Frankreich
Vieirinha,8,http://www.transfermarkt.com/portugal/startseite/verein/3300,Portugal
Danilo Pereira,8,http://www.transfermarkt.com/portugal/startseite/verein/3300,Portugal
Tin Jedvaj,8,http://www.transfermarkt.com/croatia/startseite/verein/3556,Kroatien
Milan Badelj,8,http://www.transfermarkt.com/croatia/startseite/verein/3556,Kroatien
Marko Pjaca,8,http://www.transfermarkt.com/croatia/startseite/verein/3556,Kroatien
Volkan Babacan,8,http://www.transfermarkt.com/turkey/startseite/verein/3381,Türkei
Cenk Tosun,8,http://www.transfermarkt.com/turkey/startseite/verein/3381,Türkei
Ben Davies,8,http://www.transfermarkt.com/wales/startseite/verein/3864,Wales
Joe Allen,8,http://www.transfermarkt.com/wales/startseite/verein/3864,Wales
Yuri Lodygin,8,http://www.transfermarkt.com/russia/startseite/verein/3448,Russland
Fedor Smolov,8,http://www.transfermarkt.com/russia/startseite/verein/3448,Russland
Marko Arnautovic,8,http://www.transfermarkt.com/austria/startseite/verein/3383,Österreich
Taras Stepanenko,8,http://www.transfermarkt.com/ukraine/startseite/verein/3699,Ukraine
Andreas Granqvist,8,http://www.transfermarkt.com/sweden/startseite/verein/3557,Schweden
Juraj Kucka,8,http://www.transfermarkt.com/slovakia/startseite/verein/3503,Slowakei
Evgen Khacheridi,"8,5",http://www.transfermarkt.com/ukraine/startseite/verein/3699,Ukraine
Divock Origi,9,http://www.transfermarkt.com/belgium/startseite/verein/3382,Belgien
Vedran Corluka,9,http://www.transfermarkt.com/croatia/startseite/verein/3556,Kroatien
Salvatore Sirigu,9,http://www.transfermarkt.com/italy/startseite/verein/3376,Italien
Angelo Ogbonna,9,http://www.transfermarkt.com/italy/startseite/verein/3376,Italien
Caner Erkin,9,http://www.transfermarkt.com/turkey/startseite/verein/3381,Türkei
Martin Hinteregger,9,http://www.transfermarkt.com/austria/startseite/verein/3383,Österreich
Mikel San José,10,http://www.transfermarkt.com/spain/startseite/verein/3375,Spanien
Lucas Vázquez,10,http://www.transfermarkt.com/spain/startseite/verein/3375,Spanien
Steve Mandanda,10,http://www.transfermarkt.com/france/startseite/verein/3377,Frankreich
Renato Sanches,10,http://www.transfermarkt.com/portugal/startseite/verein/3300,Portugal
Ciro Immobile,10,http://www.transfermarkt.com/italy/startseite/verein/3376,Italien
Kamil Glik,10,http://www.transfermarkt.com/poland/startseite/verein/3442,Polen
Arkadiusz Milik,10,http://www.transfermarkt.com/poland/startseite/verein/3442,Polen
Mehmet Topal,10,http://www.transfermarkt.com/turkey/startseite/verein/3381,Türkei
Yunus Malli,10,http://www.transfermarkt.com/turkey/startseite/verein/3381,Türkei
Yann Sommer,10,http://www.transfermarkt.com/switzerland/startseite/verein/3384,Schweiz
Artem Dzyuba,10,http://www.transfermarkt.com/russia/startseite/verein/3448,Russland
Yaroslav Rakitsky,10,http://www.transfermarkt.com/ukraine/startseite/verein/3699,Ukraine
Shane Long,10,http://www.transfermarkt.com/republic-of-ireland/startseite/verein/3509,Irland
Pontus Wernbloom,10,http://www.transfermarkt.com/sweden/startseite/verein/3557,Schweden
Martin Skrtel,10,http://www.transfermarkt.com/slovakia/startseite/verein/3503,Slowakei
Vladimír Darida,10,http://www.transfermarkt.com/czech-republic/startseite/verein/3445,Tschechien
Jonas Hector,11,http://www.transfermarkt.com/germany/startseite/verein/3262,Deutschland
Cédric Soares,11,http://www.transfermarkt.com/portugal/startseite/verein/3300,Portugal
Rafa Silva,11,http://www.transfermarkt.com/portugal/startseite/verein/3300,Portugal
Stefano Sturaro,11,http://www.transfermarkt.com/italy/startseite/verein/3376,Italien
Graziano Pellè,11,http://www.transfermarkt.com/italy/startseite/verein/3376,Italien
Gylfi Sigurdsson,11,http://www.transfermarkt.com/iceland/startseite/verein/3574,Island
Jonathan Tah,12,http://www.transfermarkt.com/germany/startseite/verein/3262,Deutschland
Bastian Schweinsteiger,12,http://www.transfermarkt.com/germany/startseite/verein/3262,Deutschland
Mario Gómez,12,http://www.transfermarkt.com/germany/startseite/verein/3262,Deutschland
Lucas Digne,12,http://www.transfermarkt.com/france/startseite/verein/3377,Frankreich
Simon Mignolet,12,http://www.transfermarkt.com/belgium/startseite/verein/3382,Belgien
Anthony Lopes,12,http://www.transfermarkt.com/portugal/startseite/verein/3300,Portugal
João Mário,12,http://www.transfermarkt.com/portugal/startseite/verein/3300,Portugal
Simone Zaza,12,http://www.transfermarkt.com/italy/startseite/verein/3376,Italien
Wojciech Szczesny,12,http://www.transfermarkt.com/poland/startseite/verein/3442,Polen
Piotr Zielinski,12,http://www.transfermarkt.com/poland/startseite/verein/3442,Polen
Igor Smolnikov,12,http://www.transfermarkt.com/russia/startseite/verein/3448,Russland
Pavel Mamaev,12,http://www.transfermarkt.com/russia/startseite/verein/3448,Russland
Petr Cech,12,http://www.transfermarkt.com/czech-republic/startseite/verein/3445,Tschechien
Elseid Hysaj,12,http://www.transfermarkt.com/albania/startseite/verein/3561,Albanien
Joshua Kimmich,13,http://www.transfermarkt.com/germany/startseite/verein/3262,Deutschland
Moussa Sissoko,13,http://www.transfermarkt.com/france/startseite/verein/3377,Frankreich
Sime Vrsaljko,13,http://www.transfermarkt.com/croatia/startseite/verein/3556,Kroatien
Aleksandar Dragovic,13,http://www.transfermarkt.com/austria/startseite/verein/3383,Österreich
Nikola Kalinic,"13,5",http://www.transfermarkt.com/croatia/startseite/verein/3556,Kroatien
Julian Weigl,14,http://www.transfermarkt.com/germany/startseite/verein/3262,Deutschland
Danny Rose,14,http://www.transfermarkt.com/england/startseite/verein/3299,England
Ryan Bertrand,14,http://www.transfermarkt.com/england/startseite/verein/3299,England
Michy Batshuayi,14,http://www.transfermarkt.com/belgium/startseite/verein/3382,Belgien
Rui Patrício,14,http://www.transfermarkt.com/portugal/startseite/verein/3300,Portugal
Adrien Silva,14,http://www.transfermarkt.com/portugal/startseite/verein/3300,Portugal
Oguzhan Özyakup,14,http://www.transfermarkt.com/turkey/startseite/verein/3381,Türkei
Igor Akinfeev,14,http://www.transfermarkt.com/russia/startseite/verein/3448,Russland
Oleg Shatov,14,http://www.transfermarkt.com/russia/startseite/verein/3448,Russland
Sergio Rico,15,http://www.transfermarkt.com/spain/startseite/verein/3375,Spanien
Nolito,15,http://www.transfermarkt.com/spain/startseite/verein/3375,Spanien
Marc-André ter Stegen,15,http://www.transfermarkt.com/germany/startseite/verein/3262,Deutschland
Samuel Umtiti,15,http://www.transfermarkt.com/france/startseite/verein/3377,Frankreich
Fraser Forster,15,http://www.transfermarkt.com/england/startseite/verein/3299,England
Kyle Walker,15,http://www.transfermarkt.com/england/startseite/verein/3299,England
James Milner,15,http://www.transfermarkt.com/england/startseite/verein/3299,England
Giorgio Chiellini,15,http://www.transfermarkt.com/italy/startseite/verein/3376,Italien
Matteo Darmian,15,http://www.transfermarkt.com/italy/startseite/verein/3376,Italien
Stephan El Shaarawy,15,http://www.transfermarkt.com/italy/startseite/verein/3376,Italien
Federico Bernardeschi,15,http://www.transfermarkt.com/italy/startseite/verein/3376,Italien
Éder,15,http://www.transfermarkt.com/italy/startseite/verein/3376,Italien
Xherdan Shaqiri,15,http://www.transfermarkt.com/switzerland/startseite/verein/3384,Schweiz
Zlatan Ibrahimovic,15,http://www.transfermarkt.com/sweden/startseite/verein/3557,Schweden
Juanfran,16,http://www.transfermarkt.com/spain/startseite/verein/3375,Spanien
Bernd Leno,16,http://www.transfermarkt.com/germany/startseite/verein/3262,Deutschland
Benedikt Höwedes,16,http://www.transfermarkt.com/germany/startseite/verein/3262,Deutschland
Gary Cahill,16,http://www.transfermarkt.com/england/startseite/verein/3299,England
Mousa Dembélé,16,http://www.transfermarkt.com/belgium/startseite/verein/3382,Belgien
Dries Mertens,16,http://www.transfermarkt.com/belgium/startseite/verein/3382,Belgien
Nani,16,http://www.transfermarkt.com/portugal/startseite/verein/3300,Portugal
Kingsley Coman,17,http://www.transfermarkt.com/france/startseite/verein/3377,Frankreich
Joe Hart,17,http://www.transfermarkt.com/england/startseite/verein/3299,England
James McCarthy,17,http://www.transfermarkt.com/republic-of-ireland/startseite/verein/3509,Irland
Héctor Bellerín,18,http://www.transfermarkt.com/spain/startseite/verein/3375,Spanien
Emre Can,18,http://www.transfermarkt.com/germany/startseite/verein/3262,Deutschland
André Schürrle,18,http://www.transfermarkt.com/germany/startseite/verein/3262,Deutschland
Leroy Sané,18,http://www.transfermarkt.com/germany/startseite/verein/3262,Deutschland
Yohan Cabaye,18,http://www.transfermarkt.com/france/startseite/verein/3377,Frankreich
Eric Dier,18,http://www.transfermarkt.com/england/startseite/verein/3299,England
Jamie Vardy,18,http://www.transfermarkt.com/england/startseite/verein/3299,England
João Moutinho,18,http://www.transfermarkt.com/portugal/startseite/verein/3300,Portugal
André Gomes,18,http://www.transfermarkt.com/portugal/startseite/verein/3300,Portugal
Marcelo Brozovic,18,http://www.transfermarkt.com/croatia/startseite/verein/3556,Kroatien
Hakan Calhanoglu,18,http://www.transfermarkt.com/turkey/startseite/verein/3381,Türkei
Adam Lallana,19,http://www.transfermarkt.com/england/startseite/verein/3299,England
Marouane Fellaini,19,http://www.transfermarkt.com/belgium/startseite/verein/3382,Belgien
Mario Mandzukic,19,http://www.transfermarkt.com/croatia/startseite/verein/3556,Kroatien
Seamus Coleman,19,http://www.transfermarkt.com/republic-of-ireland/startseite/verein/3509,Irland
César Azpilicueta,20,http://www.transfermarkt.com/spain/startseite/verein/3375,Spanien
Shkodran Mustafi,20,http://www.transfermarkt.com/germany/startseite/verein/3262,Deutschland
Sami Khedira,20,http://www.transfermarkt.com/germany/startseite/verein/3262,Deutschland
N'Golo Kanté,20,http://www.transfermarkt.com/france/startseite/verein/3377,Frankreich
Chris Smalling,20,http://www.transfermarkt.com/england/startseite/verein/3299,England
Dele Alli,20,http://www.transfermarkt.com/england/startseite/verein/3299,England
Yannick Carrasco,20,http://www.transfermarkt.com/belgium/startseite/verein/3382,Belgien
Mateo Kovacic,20,http://www.transfermarkt.com/croatia/startseite/verein/3556,Kroatien
Alessandro Florenzi,20,http://www.transfermarkt.com/italy/startseite/verein/3376,Italien
Breel Embolo,20,http://www.transfermarkt.com/switzerland/startseite/verein/3384,Schweiz
Nathaniel Clyne,21,http://www.transfermarkt.com/england/startseite/verein/3299,England
Jan Vertonghen,21,http://www.transfermarkt.com/belgium/startseite/verein/3382,Belgien
Ivan Perisic,21,http://www.transfermarkt.com/croatia/startseite/verein/3556,Kroatien
Laurent Koscielny,22,http://www.transfermarkt.com/france/startseite/verein/3377,Frankreich
Ross Barkley,22,http://www.transfermarkt.com/england/startseite/verein/3299,England
Toby Alderweireld,22,http://www.transfermarkt.com/belgium/startseite/verein/3382,Belgien
Andriy Yarmolenko,22,http://www.transfermarkt.com/ukraine/startseite/verein/3699,Ukraine
Pedro,23,http://www.transfermarkt.com/spain/startseite/verein/3375,Spanien
Eliaquim Mangala,23,http://www.transfermarkt.com/france/startseite/verein/3377,Frankreich
Dimitri Payet,23,http://www.transfermarkt.com/france/startseite/verein/3377,Frankreich
Jack Wilshere,23,http://www.transfermarkt.com/england/startseite/verein/3299,England
Julian Draxler,24,http://www.transfermarkt.com/germany/startseite/verein/3262,Deutschland
Hugo Lloris,24,http://www.transfermarkt.com/france/startseite/verein/3377,Frankreich
Thiago,25,http://www.transfermarkt.com/spain/startseite/verein/3375,Spanien
Olivier Giroud,25,http://www.transfermarkt.com/france/startseite/verein/3377,Frankreich
Daniel Sturridge,25,http://www.transfermarkt.com/england/startseite/verein/3299,England
Antonio Candreva,25,http://www.transfermarkt.com/italy/startseite/verein/3376,Italien
Lorenzo Insigne,25,http://www.transfermarkt.com/italy/startseite/verein/3376,Italien
Ricardo Rodríguez,25,http://www.transfermarkt.com/switzerland/startseite/verein/3384,Schweiz
Evgen Konoplyanka,25,http://www.transfermarkt.com/ukraine/startseite/verein/3699,Ukraine
William Carvalho,26,http://www.transfermarkt.com/portugal/startseite/verein/3300,Portugal
Radja Nainggolan,27,http://www.transfermarkt.com/belgium/startseite/verein/3382,Belgien
John Stones,28,http://www.transfermarkt.com/england/startseite/verein/3299,England
Jordan Henderson,28,http://www.transfermarkt.com/england/startseite/verein/3299,England
Axel Witsel,28,http://www.transfermarkt.com/belgium/startseite/verein/3382,Belgien
Álvaro Morata,30,http://www.transfermarkt.com/spain/startseite/verein/3375,Spanien
Morgan Schneiderlin,30,http://www.transfermarkt.com/france/startseite/verein/3377,Frankreich
Blaise Matuidi,30,http://www.transfermarkt.com/france/startseite/verein/3377,Frankreich
Christian Benteke,30,http://www.transfermarkt.com/belgium/startseite/verein/3382,Belgien
Leonardo Bonucci,30,http://www.transfermarkt.com/italy/startseite/verein/3376,Italien
Grzegorz Krychowiak,30,http://www.transfermarkt.com/poland/startseite/verein/3442,Polen
Arda Turan,30,http://www.transfermarkt.com/turkey/startseite/verein/3381,Türkei
Aaron Ramsey,30,http://www.transfermarkt.com/wales/startseite/verein/3864,Wales
Anthony Martial,32,http://www.transfermarkt.com/france/startseite/verein/3377,Frankreich
David Silva,33,http://www.transfermarkt.com/spain/startseite/verein/3375,Spanien
Jordi Alba,35,http://www.transfermarkt.com/spain/startseite/verein/3375,Spanien
Andrés Iniesta,35,http://www.transfermarkt.com/spain/startseite/verein/3375,Spanien
Mario Götze,35,http://www.transfermarkt.com/germany/startseite/verein/3262,Deutschland
Wayne Rooney,35,http://www.transfermarkt.com/england/startseite/verein/3299,England
Thibaut Courtois,35,http://www.transfermarkt.com/belgium/startseite/verein/3382,Belgien
Romelu Lukaku,35,http://www.transfermarkt.com/belgium/startseite/verein/3382,Belgien
Granit Xhaka,35,http://www.transfermarkt.com/switzerland/startseite/verein/3384,Schweiz
Marek Hamsik,35,http://www.transfermarkt.com/slovakia/startseite/verein/3503,Slowakei
Mats Hummels,38,http://www.transfermarkt.com/germany/startseite/verein/3262,Deutschland
David de Gea,40,http://www.transfermarkt.com/spain/startseite/verein/3375,Spanien
Gerard Piqué,40,http://www.transfermarkt.com/spain/startseite/verein/3375,Spanien
Sergio Ramos,40,http://www.transfermarkt.com/spain/startseite/verein/3375,Spanien
Jérôme Boateng,40,http://www.transfermarkt.com/germany/startseite/verein/3262,Deutschland
Harry Kane,40,http://www.transfermarkt.com/england/startseite/verein/3299,England
Cesc Fàbregas,45,http://www.transfermarkt.com/spain/startseite/verein/3375,Spanien
Manuel Neuer,45,http://www.transfermarkt.com/germany/startseite/verein/3262,Deutschland
Raheem Sterling,45,http://www.transfermarkt.com/england/startseite/verein/3299,England
David Alaba,45,http://www.transfermarkt.com/austria/startseite/verein/3383,Österreich
Toni Kroos,50,http://www.transfermarkt.com/germany/startseite/verein/3262,Deutschland
Mesut Özil,50,http://www.transfermarkt.com/germany/startseite/verein/3262,Deutschland
Ivan Rakitic,50,http://www.transfermarkt.com/croatia/startseite/verein/3556,Kroatien
Luka Modric,50,http://www.transfermarkt.com/croatia/startseite/verein/3556,Kroatien
Sergio Busquets,60,http://www.transfermarkt.com/spain/startseite/verein/3375,Spanien
Koke,60,http://www.transfermarkt.com/spain/startseite/verein/3375,Spanien
Kevin De Bruyne,60,http://www.transfermarkt.com/belgium/startseite/verein/3382,Belgien
Paul Pogba,70,http://www.transfermarkt.com/france/startseite/verein/3377,Frankreich
Antoine Griezmann,70,http://www.transfermarkt.com/france/startseite/verein/3377,Frankreich
Eden Hazard,70,http://www.transfermarkt.com/belgium/startseite/verein/3382,Belgien
Thomas Müller,75,http://www.transfermarkt.com/germany/startseite/verein/3262,Deutschland
Robert Lewandowski,75,http://www.transfermarkt.com/poland/startseite/verein/3442,Polen
Gareth Bale,80,http://www.transfermarkt.com/wales/startseite/verein/3864,Wales
Cristiano Ronaldo,110,http://www.transfermarkt.com/portugal/startseite/verein/3300,Portugal
Ingvar Jónsson,"0,1",http://www.transfermarkt.com/iceland/startseite/verein/3574,Island
Orges Shehi,"0,12",http://www.transfermarkt.com/albania/startseite/verein/3561,Albanien
Roy Carroll,"0,15",http://www.transfermarkt.com/northern-ireland/startseite/verein/5674,Nordirland
Sergey Ignashevich,"0,2",http://www.transfermarkt.com/russia/startseite/verein/3448,Russland
Vyacheslav Shevchuk,"0,2",http://www.transfermarkt.com/ukraine/startseite/verein/3699,Ukraine
Anatoliy Tymoshchuk,"0,2",http://www.transfermarkt.com/ukraine/startseite/verein/3699,Ukraine
Hjörtur Hermannsson,"0,2",http://www.transfermarkt.com/iceland/startseite/verein/3574,Island
Owain Fôn Williams,"0,25",http://www.transfermarkt.com/wales/startseite/verein/3864,Wales
Jan Durica,"0,25",http://www.transfermarkt.com/slovakia/startseite/verein/3503,Slowakei
Luke McCullough,"0,25",http://www.transfermarkt.com/northern-ireland/startseite/verein/5674,Nordirland
Conor McLaughlin,"0,25",http://www.transfermarkt.com/northern-ireland/startseite/verein/5674,Nordirland
Gábor Király,"0,25",http://www.transfermarkt.com/hungary/startseite/verein/3468,Ungarn
Adam Nemec,"0,3",http://www.transfermarkt.com/slovakia/startseite/verein/3503,Slowakei
Lucian Sanmartean,"0,3",http://www.transfermarkt.com/romania/startseite/verein/3447,Rumänien
Ansi Agolli,"0,3",http://www.transfermarkt.com/albania/startseite/verein/3561,Albanien
Eidur Gudjohnsen,"0,3",http://www.transfermarkt.com/iceland/startseite/verein/3574,Island
Josh Magennis,"0,3",http://www.transfermarkt.com/northern-ireland/startseite/verein/5674,Nordirland
Jakub Wawrzyniak,"0,35",http://www.transfermarkt.com/poland/startseite/verein/3442,Polen
Viktor Pecovsky,"0,35",http://www.transfermarkt.com/slovakia/startseite/verein/3503,Slowakei
Odise Roshi,"0,35",http://www.transfermarkt.com/albania/startseite/verein/3561,Albanien
Ögmundur Kristinsson,"0,35",http://www.transfermarkt.com/iceland/startseite/verein/3574,Island
Aaron Hughes,"0,35",http://www.transfermarkt.com/northern-ireland/startseite/verein/5674,Nordirland
Lee Hodson,"0,35",http://www.transfermarkt.com/northern-ireland/startseite/verein/5674,Nordirland
Barnabás Bese,"0,35",http://www.transfermarkt.com/hungary/startseite/verein/3468,Ungarn
Jean-François Gillet,"0,4",http://www.transfermarkt.com/belgium/startseite/verein/3382,Belgien
Slawomir Peszko,"0,4",http://www.transfermarkt.com/poland/startseite/verein/3442,Polen
Roman Hubník,"0,4",http://www.transfermarkt.com/czech-republic/startseite/verein/3445,Tschechien
Hannes Thór Halldórsson,"0,4",http://www.transfermarkt.com/iceland/startseite/verein/3574,Island
Rúnar Már Sigurjónsson,"0,4",http://www.transfermarkt.com/iceland/startseite/verein/3574,Island
Alan Mannus,"0,45",http://www.transfermarkt.com/northern-ireland/startseite/verein/5674,Nordirland
Mihály Korhut,"0,45",http://www.transfermarkt.com/hungary/startseite/verein/3468,Ungarn
Ricardo Carvalho,"0,5",http://www.transfermarkt.com/portugal/startseite/verein/3300,Portugal
George Williams,"0,5",http://www.transfermarkt.com/wales/startseite/verein/3864,Wales
Simon Church,"0,5",http://www.transfermarkt.com/wales/startseite/verein/3864,Wales
Shay Given,"0,5",http://www.transfermarkt.com/republic-of-ireland/startseite/verein/3509,Irland
Ján Mucha,"0,5",http://www.transfermarkt.com/slovakia/startseite/verein/3503,Slowakei
Kornel Salata,"0,5",http://www.transfermarkt.com/slovakia/startseite/verein/3503,Slowakei
Stanislav Sestak,"0,5",http://www.transfermarkt.com/slovakia/startseite/verein/3503,Slowakei
Razvan Rat,"0,5",http://www.transfermarkt.com/romania/startseite/verein/3447,Rumänien
Burim Kukeli,"0,5",http://www.transfermarkt.com/albania/startseite/verein/3561,Albanien
Hördur Magnússon,"0,5",http://www.transfermarkt.com/iceland/startseite/verein/3574,Island
Birkir Már Saevarsson,"0,5",http://www.transfermarkt.com/iceland/startseite/verein/3574,Island
Haukur Heidar Hauksson,"0,5",http://www.transfermarkt.com/iceland/startseite/verein/3574,Island
Elmar Bjarnason,"0,5",http://www.transfermarkt.com/iceland/startseite/verein/3574,Island
Michael McGovern,"0,5",http://www.transfermarkt.com/northern-ireland/startseite/verein/5674,Nordirland
Chris Baird,"0,5",http://www.transfermarkt.com/northern-ireland/startseite/verein/5674,Nordirland
Péter Gulácsi,"0,5",http://www.transfermarkt.com/hungary/startseite/verein/3468,Ungarn
Zoltán Gera,"0,5",http://www.transfermarkt.com/hungary/startseite/verein/3468,Ungarn
Alban Hoxha,"0,57",http://www.transfermarkt.com/albania/startseite/verein/3561,Albanien
Milan Skriniar,"0,6",http://www.transfermarkt.com/slovakia/startseite/verein/3503,Slowakei
Kári Arnason,"0,6",http://www.transfermarkt.com/iceland/startseite/verein/3574,Island
Ákos Elek,"0,6",http://www.transfermarkt.com/hungary/startseite/verein/3468,Ungarn
László Kleinheisler,"0,6",http://www.transfermarkt.com/hungary/startseite/verein/3468,Ungarn
Ádám Pintér,"0,65",http://www.transfermarkt.com/hungary/startseite/verein/3468,Ungarn
Ján Novota,"0,7",http://www.transfermarkt.com/slovakia/startseite/verein/3503,Slowakei
Norbert Gyömber,"0,7",http://www.transfermarkt.com/slovakia/startseite/verein/3503,Slowakei
Naser Aliji,"0,7",http://www.transfermarkt.com/albania/startseite/verein/3561,Albanien
Andi Lila,"0,7",http://www.transfermarkt.com/albania/startseite/verein/3561,Albanien
Ari Freyr Skúlason,"0,7",http://www.transfermarkt.com/iceland/startseite/verein/3574,Island
Ádám Lang,"0,7",http://www.transfermarkt.com/hungary/startseite/verein/3468,Ungarn
Tamás Priskin,"0,7",http://www.transfermarkt.com/hungary/startseite/verein/3468,Ungarn
Jazz Richards,"0,75",http://www.transfermarkt.com/wales/startseite/verein/3864,Wales
Jonathan Williams,"0,75",http://www.transfermarkt.com/wales/startseite/verein/3864,Wales
David Cotterill,"0,75",http://www.transfermarkt.com/wales/startseite/verein/3864,Wales
György Garics,"0,75",http://www.transfermarkt.com/austria/startseite/verein/3383,Österreich
Jan Gregus,"0,75",http://www.transfermarkt.com/slovakia/startseite/verein/3503,Slowakei
Dusan Svento,"0,75",http://www.transfermarkt.com/slovakia/startseite/verein/3503,Slowakei
Armando Sadiku,"0,75",http://www.transfermarkt.com/albania/startseite/verein/3561,Albanien
Shane Ferguson,"0,75",http://www.transfermarkt.com/northern-ireland/startseite/verein/5674,Nordirland
Niall McGinn,"0,75",http://www.transfermarkt.com/northern-ireland/startseite/verein/5674,Nordirland
Richárd Guzmics,"0,75",http://www.transfermarkt.com/hungary/startseite/verein/3468,Ungarn
Tamás Kádár,"0,75",http://www.transfermarkt.com/hungary/startseite/verein/3468,Ungarn
Attila Fiola,"0,75",http://www.transfermarkt.com/hungary/startseite/verein/3468,Ungarn
Patrik Carlgren,"0,8",http://www.transfermarkt.com/sweden/startseite/verein/3557,Schweden
Ovidiu Hoban,"0,8",http://www.transfermarkt.com/romania/startseite/verein/3447,Rumänien
Frédéric Veseli,"0,8",http://www.transfermarkt.com/albania/startseite/verein/3561,Albanien
Migjen Basha,"0,8",http://www.transfermarkt.com/albania/startseite/verein/3561,Albanien
Arnór Ingvi Traustason,"0,8",http://www.transfermarkt.com/iceland/startseite/verein/3574,Island
Jón Dadi Bödvarsson,"0,8",http://www.transfermarkt.com/iceland/startseite/verein/3574,Island
Gergő Lovrencsics,"0,8",http://www.transfermarkt.com/hungary/startseite/verein/3468,Ungarn
Dániel Böde,"0,8",http://www.transfermarkt.com/hungary/startseite/verein/3468,Ungarn
David Edwards,"0,85",http://www.transfermarkt.com/wales/startseite/verein/3864,Wales
Thiago Cionek,"0,9",http://www.transfermarkt.com/poland/startseite/verein/3442,Polen
Milan Skoda,"0,9",http://www.transfermarkt.com/czech-republic/startseite/verein/3445,Tschechien
Sverrir Ingi Ingason,"0,9",http://www.transfermarkt.com/iceland/startseite/verein/3574,Island
